ece,mean_uncertainty_entropy,mean_confidence
0.30064806282609535,0.2074573774903751,0.8437515111019576
