T_star,calibration_nll_at_T_star,calibration_ece_at_T_star,eval_ece_before,eval_ece_after,eval_nll_before,eval_nll_after
3.45,1.260928983398423,0.050484524622212576,0.3044577762742682,0.05013868501443471,2.3752866866325344,1.285660639017457
