J,alpha_text,alpha_audio,privacy_gate,complexity_gate,epistemic_gain,action_gain,privacy_cost,drag_cost,balance_cost,overcompression_cost,t,x_raw,trajectory
-1.4764883051720148,0.9718829995145063,0.9625692077902683,0.9696147393841913,0.7375298217721017,0.7966886442852732,0.855239993719533,0.025820218328195792,0.07091730139070385,8.674671628248357e-05,0.022492228191679023,120,"[3.542861033460382, 3.2471122809812436, 3.462941174038495, 1.0331690548705252]",text_dominant
-1.4688764387062467,0.968609125770964,0.964969795079934,0.9626498586627151,0.7365971549697797,0.7960955756678727,0.8548539053486193,0.03173870437089219,0.07116930035364866,1.3244727878673354e-05,0.022529312827319355,120,"[3.429343930509561, 3.315886113376653, 3.249353055651828, 1.028356551193394]",low_privacy
-1.4768794518001507,0.9666849322722845,0.9689670638045711,0.9696147393841799,0.7365059346692296,0.7967051909030257,0.8557704319169848,0.02582021832820551,0.07119394733484377,5.208124330656895e-06,0.022459175008105445,120,"[3.3678628436200015, 3.44118152303808, 3.462941174038106, 1.0278864485414458]",audio_dominant
-1.4760281279991971,0.9686091257709226,0.9649697950800322,0.970300872870611,0.7365971549698599,0.7960955756678905,0.8548539053486444,0.02523716865007572,0.07116930035362701,1.3244727877656772e-05,0.022529312827319844,120,"[3.4293439305081925, 3.3158861133795594, 3.4864885458253254, 1.028356551193807]",balanced
-1.4842156561688244,0.968718681975272,0.9650810282236435,0.9753028703913831,0.7647524541445558,0.7961863932028127,0.854951518450612,0.02098666477267157,0.06356196815764835,1.3232524816736901e-05,0.023380043397930376,120,"[3.432953200731587, 3.319181779468716, 3.6760610323556806, 1.178913845765983]",privacy_sensitive
