representation,speaker_accuracy,speaker_balanced_accuracy,speaker_macro_f1
Text only,0.49712643678160917,0.4971264367816092,0.49708906230645367
Audio only,0.8908045977011494,0.8908045977011494,0.8907468605419695
Simple multimodal fusion,0.75,0.75,0.7499483808092238
UVIF-gated fusion,0.7902298850574713,0.7902298850574713,0.7901865724031418
