,count,mean,std,min,25%,50%,75%,max
F_epistemic_pull,1390.0,0.3633670426773674,0.19252888363662962,0.0,0.22240745822671287,0.3302382754409321,0.4756858782446667,0.9999999999988675
F_privacy_pressure,1390.0,0.8497612923142797,0.20767437697329658,0.0,0.7741384502627219,0.9487989709203575,0.996615130966826,0.999999999997979
F_computational_drag,1390.0,0.2701918437725431,0.11609284140184356,0.0,0.19436632719129596,0.2501742802944874,0.3229156441076248,0.999999999999
F_action_efficiency,1390.0,0.4633615473487913,0.20188910084965378,0.0,0.31502477203212986,0.44491364508389614,0.596191235336738,0.9999999999985888
emotion_uncertainty,1390.0,0.6287159460937513,0.16998728560534007,0.06662102143698723,0.5295475843404436,0.6579659428298323,0.7531717507928893,0.9495393783832315
identity_confidence,1390.0,0.9256633604502215,0.1027552453651307,0.5052098053890115,0.8882459197265855,0.9746662327057094,0.9983251998330069,0.9999999998391227
