,count,mean,std,min,25%,50%,75%,max
F_epistemic_pull,1390.0,0.8232875899659896,0.18884825411779213,0.0,0.7475790474575315,0.8892242601104854,0.9651933341506166,0.9999999999986035
F_privacy_pressure,1390.0,0.8497612923142797,0.20767437697329658,0.0,0.7741384502627219,0.9487989709203575,0.996615130966826,0.999999999997979
F_computational_drag,1390.0,0.2701918437725431,0.11609284140184356,0.0,0.19436632719129596,0.2501742802944874,0.3229156441076248,0.999999999999
F_action_efficiency,1390.0,0.8842193055894807,0.17031133848715682,0.0,0.8597451533015568,0.9528694645342994,0.9884925292824814,0.9999999999978111
emotion_uncertainty,1390.0,0.12653786758067476,0.13522673316771017,1.1302910716712894e-06,0.02492480108205263,0.07932323728795546,0.1807497475058223,0.716061407359744
identity_confidence,1390.0,0.9256633604502215,0.1027552453651307,0.5052098053890115,0.8882459197265855,0.9746662327057094,0.9983251998330069,0.9999999998391227
